Category,Number of genes,Percentage (%)
Essential,95,3.338018271257906
Partially essential,37,1.3000702740688685
Non-essential,2714,95.36191145467322
